PID,PCS,CTS,COLID,DESCRIPTION,INTENSITY,OVERTONE,OVERTONE1,COLOR,CLARITY,SHAPE,FLU INT,FLU COLOR,FLU,POLISH,SYMMETRY,L,W,D,TD,LAB,REPORT NO,
DA-69V        ,1,1.01,,FANCY YELLOW,FANCY,,,YELLOW,SI2,OVAL,FAINT,,F,G,G,8.11,4.92,3.33,67.68%,GIA,5176077640,
DA-69U        ,1,1.02,P295,FANCY YELLOW,FANCY,,,YELLOW,SI1,OVAL,FAINT,,F,G,G,7.39,5.26,3.41,64.83%,GIA,2176075700,
DA-69T        ,1,2.02,,FANCY YELLOW,FANCY,,,YELLOW,SI1,CUSHION,NONE,,N,G,EX,7.82,6.46,4.44,68.73%,GIA,2176167161,
DA-69S        ,1,1.01,,FANCY YELLOW,FANCY,,,YELLOW,SI1,OVAL,FAINT,,F,G,G,7.57,4.85,3.5,72.16%,GIA,2176108437,
DA-69R        ,1,3.26,,FANCY YELLOW,FANCY,,,YELLOW,SI1,MARQUISE,NONE,,N,G,VG,13.24,7.33,4.9,66.85%,GIA,2176043413,
DA-69Q        ,1,0.70,C256,FANCY YELLOW,FANCY,,,YELLOW,SI1,CUSHION,MEDIUM,BLUE,MB,G,G,4.95,4.6,3.21,69.78%,GIA,2176149838,
DA-69P        ,1,0.71,C256,FANCY YELLOW,FANCY,,,YELLOW,VS1,CUSHION,NONE,,N,G,VG,4.99,4.51,3.27,72.51%,GIA,5176151328,
DA-69O        ,1,0.78,C256,FANCY YELLOW,FANCY,,,YELLOW,VS2,PEAR,FAINT,,F,VG,G,6.31,4.9,3.35,68.37%,GIA,1179149702,
DA-69N        ,1,0.70,C256,FANCY YELLOW,FANCY,,,YELLOW,VS2,CUSHION,FAINT,,F,G,G,5.43,4.42,2.84,64.25%,GIA,2176151347,
DA-69K        ,1,0.76,C256,FANCY YELLOW,FANCY,,,YELLOW,VS1,RADIANT,FAINT,,F,G,G,6.37,3.98,3.04,76.38%,GIA,2176094733,
DA-69J        ,1,0.80,C256,FANCY YELLOW,FANCY,,,YELLOW,VVS1,OVAL,MEDIUM,BLUE,MB,VG,VG,6.54,4.85,3.11,64.12%,GIA,2176094665,
DA-69H        ,1,0.76,C256,FANCY YELLOW,FANCY,,,YELLOW,VVS1,CUSHION,MEDIUM,BLUE,MB,VG,VG,5,4.86,3.42,70.37%,GIA,5176124078,
DA-69G        ,1,0.70,C256,FANCY YELLOW,FANCY,,,YELLOW,VS2,PEAR,FAINT,,F,VG,G,5.85,4.82,3.33,69.09%,GIA,1179094034,
DA-69F        ,1,0.77,C256,FANCY YELLOW,FANCY,,,YELLOW,SI1,PEAR,MEDIUM,BLUE,MB,VG,G,6.5,4.72,3.42,72.46%,GIA,5176151501,
DA-69D        ,1,0.70,C256,FANCY YELLOW,FANCY,,,YELLOW,VVS1,CUSHION,FAINT,,F,VG,G,4.77,4.61,3.3,71.58%,GIA,5176078714,
DA-69B        ,1,0.81,C256,FANCY YELLOW,FANCY,,,YELLOW,SI1,CUSHION,FAINT,,F,G,G,4.96,4.91,3.41,69.45%,GIA,1179108602,
DA-69AR       ,1,3.02,,LIGHT GREEN-YELLOW,LIGHT,,,GREEN-YELLOW,SI1,MARQUISE,NONE,,N,EX,VG,14.12,7.43,4.86,65.41%,GIA,1179009101,
DA-69AP       ,1,5.01,,FANCY LIGHT GREENISH YELLOW,FANCY LIGHT,GREENISH,,YELLOW,SI1,CUSHION,NONE,,N,G,G,9.77,9.13,5.87,64.29%,GIA,5166996073,
DA-69AM       ,1,0.52,,FANCY INTENSE YELLOW,FANCY INTENSE,,,YELLOW,IF,PEAR,NONE,,N,G,G,5.89,4.19,2.68,63.96%,GIA,5176043472,
DA-69AJ       ,1,0.50,,FANCY INTENSE YELLOW,FANCY INTENSE,,,YELLOW,VS2,CUSHION,NONE,,N,G,G,4.34,3.99,3.02,75.69%,GIA,2176077685,
DA-69AI       ,1,0.53,,FANCY INTENSE YELLOW,FANCY INTENSE,,,YELLOW,VS2,CUSHION,NONE,,N,EX,VG,4.34,4.33,3.04,70.21%,GIA,1179077753,
DA-69AH       ,1,0.70,,FANCY INTENSE YELLOW,FANCY INTENSE,,,YELLOW,IF,PEAR,FAINT,,F,G,G,6.12,4.68,3.02,64.53%,GIA,2176068925,
DA-69A        ,1,2.32,,FANCY LIGHT YELLOW,FANCY LIGHT,,,YELLOW,VVS2,CUSHION,NONE,,N,EX,EX,7.58,7.45,4.69,62.95%,GIA,2176008958,
DA-66H        ,1,1.17,,FANCY LIGHT YELLOW,FANCY LIGHT,,,YELLOW,VS1,CUSHION,NONE,,N,G,G,5.8,5.57,3.9,70.02%,GIA,5176165091,
DA-66G        ,1,1.16,,FANCY LIGHT YELLOW-GREEN,FANCY LIGHT,,,YELLOW-GREEN,VS1,CUSHION,NONE,,N,VG,G,5.94,5.76,3.77,65.45%,GIA,5166996457,
DA-66E        ,1,1.09,P295,FANCY YELLOW,FANCY,,,YELLOW,SI1,OVAL,FAINT,,F,G,G,7.75,5.03,3.4,67.59%,GIA,1179029712,
DA-66D        ,1,1.07,,FANCY YELLOW,FANCY,,,YELLOW,SI1,PEAR,NONE,,N,G,VG,7.46,5.35,3.54,66.17%,GIA,2176029724,
DA-64P        ,1,2.03,,FANCY LIGHT BLUISH GREEN,FANCY LIGHT,BLUISH,,GREEN,SI2,CUSHION,NONE,,N,VG,VG,7.1,6.37,4.78,75.04%,GIA,2146974963,
DA-64I        ,1,5.10,,FANCY YELLOW-GREEN,FANCY,,,YELLOW-GREEN,SI2,CUSHION,NONE,,N,EX,VG,9.47,9.42,6.23,66.14%,GIA,2146976420,
DA-64H        ,1,1.23,,FANCY INTENSE YELLOW,FANCY INTENSE,,,YELLOW,VVS2,CUSHION,NONE,,N,EX,EX,5.95,5.77,3.95,68.46%,GIA,1159712954,
DA-60Z        ,1,2.50,,FANCY LIGHT YELLOW,FANCY LIGHT,,,YELLOW,VS2,CUSHION,NONE,,N,EX,G,7.41,7.39,4.94,66.85%,GIA,5146973898,
DA-60C        ,1,1.02,,FANCY GRAYISH YELLOWISH GREEN,FANCY,GRAYISH,YELLOWISH,GREEN,SI2,CUSHION,STRONG,WHITE,SW,VG,EX,5.7,5.69,3.59,63.09%,GIA,1159420051,
DA-60AD       ,1,3.12,,FANCY YELLOW-GREEN,FANCY,,,YELLOW-GREEN,SI1,CUSHION,FAINT,,F,VG,VG,8.2,8,5.36,67.00%,GIA,1132130188,
DA-57B        ,1,0.70,C256,FANCY YELLOW,FANCY,,,YELLOW,VS1,OVAL,FAINT,,F,VG,G,6.64,4.22,3.05,72.27%,GIA,2176054840,
DA-52         ,1,3.00,,LIGHT PINKISH BROWN,LIGHT,PINKISH,,BROWN,VS2,CUSHION,NONE,,N,VG,G,9.26,7.29,5.23,71.74%,GIA,1169570831,
DA-49         ,1,1.27,,FANCY YELLOW-GREEN,FANCY,,,YELLOW-GREEN,VS2,CUSHION,NONE,,N,VG,G,6.04,5.96,3.9,65.44%,GIA,2156610809,
DA-48Q        ,1,0.91,,FANCY LIGHT YELLOW,FANCY LIGHT,,,YELLOW,VVS1,CUSHION,NONE,,N,VG,G,5.53,5.19,3.63,69.94%,GIA,2166735962,
DA-48P        ,1,0.81,C274,FANCY LIGHT YELLOW,FANCY LIGHT,,,YELLOW,VVS2,CUSHION,STRONG,BLUE,SB,EX,EX,5.4,5.29,3.32,62.76%,GIA,5166779449,
DA-48O        ,1,0.80,C274,FANCY LIGHT YELLOW,FANCY LIGHT,,,YELLOW,VVS2,CUSHION,NONE,,N,EX,VG,5.09,5.07,3.58,70.61%,GIA,1169837367,
DA-48N        ,1,0.76,C274,FANCY LIGHT YELLOW,FANCY LIGHT,,,YELLOW,VS2,CUSHION,NONE,,N,VG,G,5.14,4.75,3.39,71.37%,GIA,1169836069,
DA-48M        ,1,0.75,C274,FANCY LIGHT YELLOW,FANCY LIGHT,,,YELLOW,VS2,CUSHION,NONE,,N,EX,VG,5.46,4.76,3.31,69.54%,GIA,2166735733,
DA-48L        ,1,0.61,C282,FANCY LIGHT YELLOW,FANCY LIGHT,,,YELLOW,VS1,CUSHION,STRONG,BLUE,SB,VG,G,4.99,4.76,3.01,63.24%,GIA,2166826579,
DA-48K        ,1,0.62,C282,FANCY LIGHT YELLOW,FANCY LIGHT,,,YELLOW,VS2,CUSHION,NONE,,N,VG,G,5.1,4.66,3.08,66.09%,GIA,2166933463,
DA-48J        ,1,0.59,C282,FANCY LIGHT YELLOW,FANCY LIGHT,,,YELLOW,VS2,CUSHION,NONE,,N,VG,G,5.04,4.59,3.02,65.80%,GIA,5166779198,
DA-48I        ,1,0.54,C282,FANCY LIGHT YELLOW,FANCY LIGHT,,,YELLOW,VS1,CUSHION,MEDIUM,BLUE,MB,VG,G,4.9,4.15,2.97,71.57%,GIA,2166814108,
DA-48H        ,1,0.53,C282,FANCY LIGHT YELLOW,FANCY LIGHT,,,YELLOW,SI2,CUSHION,FAINT,,F,VG,G,4.48,4.45,2.99,67.19%,GIA,5166279550,
DA-48G        ,1,0.53,C282,FANCY LIGHT YELLOW,FANCY LIGHT,,,YELLOW,VVS2,CUSHION,NONE,,N,VG,VG,4.77,4.23,2.99,70.69%,GIA,2166837655,
DA-48F        ,1,0.51,C282,FANCY LIGHT YELLOW,FANCY LIGHT,,,YELLOW,VVS2,CUSHION,FAINT,,F,VG,G,4.7,4.06,2.97,73.15%,GIA,1169837328,
DA-48E        ,1,0.50,C282,FANCY LIGHT YELLOW,FANCY LIGHT,,,YELLOW,VS1,CUSHION,NONE,,N,VG,G,4.5,4.47,2.87,64.21%,GIA,2166837641,
DA-48D        ,1,0.49,C282,FANCY LIGHT YELLOW,FANCY LIGHT,,,YELLOW,VVS2,CUSHION,FAINT,,F,VG,VG,4.39,4.33,3.07,70.90%,GIA,2166836154,
DA-48C        ,1,0.48,C282,FANCY LIGHT YELLOW,FANCY LIGHT,,,YELLOW,VVS2,CUSHION,NONE,,N,VG,G,4.43,4.05,2.87,70.86%,GIA,5166827177,
DA-48AI       ,1,0.75,C256,FANCY YELLOW,FANCY,,,YELLOW,SI1,CUSHION,FAINT,,F,VG,G,5.13,4.93,3.39,68.76%,GIA,2166735822,
DA-48AH       ,1,0.73,C256,FANCY YELLOW,FANCY,,,YELLOW,VS2,CUSHION,NONE,,N,VG,VG,5.16,4.91,3.27,66.60%,GIA,5166826602,
DA-48AG       ,1,0.72,C256,FANCY YELLOW,FANCY,,,YELLOW,VVS1,CUSHION,NONE,,N,VG,VG,4.81,4.79,3.38,70.56%,GIA,1169826634,
DA-48AF       ,1,0.72,C256,FANCY YELLOW,FANCY,,,YELLOW,VVS1,CUSHION,FAINT,,F,VG,VG,5.09,4.84,3.35,69.21%,GIA,2166856051,
DA-48AE       ,1,0.70,C256,FANCY YELLOW,FANCY,,,YELLOW,VS1,CUSHION,FAINT,,F,VG,G,5.46,4.79,3.04,63.47%,GIA,2166836684,
DA-48A        ,1,3.51,,FANCY LIGHT YELLOW,FANCY LIGHT,,,YELLOW,VS1,CUSHION,NONE,,N,EX,VG,8.67,8,5.55,69.38%,GIA,1179005174,
DA-47C        ,1,1.21,,FANCY LIGHT YELLOW,FANCY LIGHT,,,YELLOW,VS2,CUSHION,FAINT,,F,EX,EX,5.96,5.54,4.29,77.44%,GIA,2166821313,
DA-41B        ,1,1.17,,FANCY LIGHT YELLOW,FANCY LIGHT,,,YELLOW,SI1,PEAR,MEDIUM,BLUE,MB,G,G,8.11,6.06,3.29,54.29%,GIA,5166930128,
DA-41A        ,1,1.01,,FANCY LIGHT YELLOW,FANCY LIGHT,,,YELLOW,SI2,OVAL,MEDIUM,BLUE,MB,G,G,7.23,5.35,3.21,60.00%,GIA,2166928742,
DA-38C        ,1,1.01,C281,FANCY INTENSE YELLOW-GREEN,FANCY INTENSE,,,YELLOW-GREEN,I1,OVAL,VERY STRONG,BLUE,VSTB,EX,VG,6.84,5.17,3.55,68.67%,GIA,2145832860,
DA-35A        ,1,2.00,,FANCY LIGHT GREENISH BLUE,FANCY LIGHT,GREENISH,,BLUE,SI1,CUSHION,NONE,,N,VG,VG,7.48,6.2,4.85,78.23%,GIA,2156914958,
DA-31G        ,1,3.02,,FANCY YELLOW,FANCY,,,YELLOW,SI1,HEART,NONE,,N,G,G,7.66,9.36,5.81,62.07%,GIA,5166927627,
DA-31F        ,1,2.47,,FANCY BROWNISH GREENISH YELLOW,FANCY,BROWNISH,GREENISH,YELLOW,VS2,CUSHION,NONE,,N,VG,VG,7.26,7.1,5.19,73.10%,GIA,1169890748,
DA-31E        ,1,2.04,C253,U-V,,,,U-V,VS1,CUSHION,FAINT,,F,VG,VG,6.97,6.87,4.74,69.00%,GIA,5166996951,
DA-31A        ,1,1.01,C275,W-X,,,,W-X,VS2,CUSHION,FAINT,,F,G,G,6.09,5.95,3.23,54.29%,GIA,5166960926,
DA-24         ,1,2.63,,FANCY YELLOWISH GREEN,FANCY,YELLOWISH,,GREEN,SI1,RADIANT,NONE,,N,G,G,7.5,7.18,4.99,69.50%,GIA,5166855005,
DA-23A        ,1,0.54,C71,FANCY YELLOW,FANCY,,,YELLOW,SI2,ROUND,NONE,,N,G,VG,5.29,5.28,3.14,59.47%,GIA,5166756425,
DA-22T        ,1,0.80,C274,FANCY LIGHT YELLOW,FANCY LIGHT,,,YELLOW,VVS2,PEAR,FAINT,,F,G,VG,6.19,4.93,3.37,68.36%,GIA,1169788157,
DA-22Q        ,1,0.70,C256,FANCY YELLOW,FANCY,,,YELLOW,VS1,CUSHION,NONE,,N,G,VG,5.12,4.57,3.27,71.55%,GIA,1169857127,
DA-22O        ,1,0.64,C282,FANCY LIGHT YELLOW,FANCY LIGHT,,,YELLOW,VS2,CUSHION,NONE,,N,G,G,4.79,4.68,3.22,68.80%,GIA,2166778835,
DA-22K        ,1,1.06,C281,FANCY YELLOW-GREEN,FANCY,,,YELLOW-GREEN,SI1,CUSHION,NONE,,N,VG,G,6.04,5.38,3.6,66.91%,GIA,5166859878,
DA-22I        ,1,1.03,C281,FANCY YELLOW-GREEN,FANCY,,,YELLOW-GREEN,VS1,CUSHION,VERY STRONG,BLUE,VSTB,VG,VG,5.64,5.29,3.71,70.13%,GIA,1169855686,
DA-22G        ,1,1.51,C281,FANCY YELLOW-ORANGE,FANCY,,,YELLOW-ORANGE,SI2,CUSHION,MEDIUM,YELLOW,MY,VG,VG,6.3,6.28,4.17,66.40%,GIA,2166883401,
DA-22D        ,1,1.50,,FANCY LIGHT YELLOW,FANCY LIGHT,,,YELLOW,VS2,PEAR,NONE,,N,EX,VG,9.11,6.33,3.99,63.03%,GIA,2166953642,
DA-21B        ,1,1.28,C281,FANCY YELLOW-GREEN,FANCY,,,YELLOW-GREEN,SI2,CUSHION,STRONG,GREEN,SG,VG,G,5.85,5.84,4.08,69.86%,GIA,5166623380,
DA-19K        ,1,2.54,,W-X,,,,W-X,VS1,CUSHION,NONE,,N,G,VG,7.55,7.31,5.06,69.22%,GIA,2166899739,
DA-19J        ,1,2.04,P270,W-X,,,,W-X,VS1,CUSHION,NONE,,N,G,VG,6.8,6.77,4.76,70.31%,GIA,5166938218,
DA-19I        ,1,2.02,P270,W-X,,,,W-X,SI1,CUSHION,FAINT,,F,G,G,6.92,6.79,4.84,71.28%,GIA,2166938550,
DA-19H        ,1,1.43,C275,Y-Z,,,,Y-Z,VS2,PEAR,NONE,,N,G,VG,8.63,6.14,3.76,61.24%,GIA,1169900217,
DA-19G        ,1,1.35,C275,W-X,,,,W-X,SI1,CUSHION,NONE,,N,VG,G,5.97,5.94,4.15,69.87%,GIA,5166925007,
DA-19F        ,1,1.29,C275,W-X,,,,W-X,VVS2,CUSHION,NONE,,N,G,VG,6.04,6.04,4.05,67.05%,GIA,1169854359,
DA-19E        ,1,1.08,C275,U-V,,,,U-V,VS2,HEART,NONE,,N,VG,VG,6.32,6.75,3.79,56.15%,GIA,1169954487,
DA-19D        ,1,1.04,C275,W-X,,,,W-X,VS2,OVAL,NONE,,N,G,G,7.25,4.99,3.46,69.34%,GIA,2166854811,
DA-19C        ,1,1.01,C275,S-T,,,,S-T,VS1,CUSHION,FAINT,,F,VG,G,5.3,5.2,3.73,71.73%,GIA,5166821631,
DA-19B        ,1,1.01,C275,W-X,,,,W-X,SI1,CUSHION,NONE,,N,G,G,5.74,5.62,3.68,65.48%,GIA,5166855929,
DA-19A        ,1,1.01,C275,O-P,,,,O-P,SI1,PEAR,NONE,,N,G,G,7.8,5.64,3.25,57.62%,GIA,1169899608,
DA-18C        ,1,0.71,C274,FANCY LIGHT YELLOW,FANCY LIGHT,,,YELLOW,VS2,PEAR,NONE,,N,VG,G,7.93,4.88,2.95,60.45%,GIA,5166887150,
DA-18B        ,1,0.70,C256,FANCY YELLOW,FANCY,,,YELLOW,SI1,PEAR,MEDIUM,BLUE,MB,VG,G,7.81,5.01,3.04,60.68%,GIA,5166934895,
DA-14E        ,1,1.51,,FANCY LIGHT YELLOW,FANCY LIGHT,,,YELLOW,SI1,PEAR,MEDIUM,BLUE,MB,G,G,9.14,5.78,3.66,63.32%,GIA,2166889308,
DA-11J        ,1,0.81,C256,FANCY YELLOW,FANCY,,,YELLOW,VS1,PEAR,NONE,,N,VG,G,7.11,4.98,3,60.24%,GIA,1152957829,
DA-11I        ,1,0.75,C256,FANCY YELLOW,FANCY,,,YELLOW,VS2,OVAL,NONE,,N,VG,G,6.14,4.87,3.3,67.76%,GIA,5151923560,
DA-11H        ,1,0.72,C256,FANCY YELLOW,FANCY,,,YELLOW,SI2,OVAL,MEDIUM,BLUE,MB,G,G,5.71,4.7,3.15,67.02%,GIA,1152923422,
DA-11G        ,1,0.71,C256,FANCY YELLOW,FANCY,,,YELLOW,SI2,PEAR,NONE,,N,VG,VG,6.84,4.55,3.21,70.55%,GIA,5151991505,
DA-11F        ,1,0.71,C256,FANCY YELLOW,FANCY,,,YELLOW,VS2,PEAR,NONE,,N,VG,VG,6.72,4.73,3.15,66.60%,GIA,5151886048,
DA-03C        ,1,0.85,C256,FANCY YELLOW,FANCY,,,YELLOW,VS1,CUSHION,NONE,,N,G,VG,5.28,5.19,3.48,67.05%,GIA,2166827233,
BH-80         ,1,3.34,,FANCY DEEP BROWNISH GREENISH YELLOW,FANCY DEEP,BROWNISH,GREENISH,YELLOW,SI1,HEART,NONE,,N,G,G,8.98,9.31,5.81,62.41%,GIA,2166779369,
BH-79         ,1,1.08,C275,U-V,,,,U-V,VS2,CUSHION,MEDIUM,BLUE,MB,G,G,6.01,5.36,3.7,69.03%,GIA,2156626832,
BH-76         ,1,2.49,,FANCY YELLOW,FANCY,,,YELLOW,VS2,OVAL,NONE,,N,G,G,8.85,7.24,4.76,65.75%,GIA,7151236649,
BH-52         ,1,9.00,,FANCY YELLOW-GREEN,FANCY,,,YELLOW-GREEN,SI1,CUSHION,NONE,,N,G,VG,10.78,10.77,8.02,74.47%,GIA,1169822242,
BH-42         ,1,1.01,,FANCY YELLOW,FANCY,,,YELLOW,SI1,OVAL,MEDIUM,BLUE,MB,VG,G,6.93,5.24,3.63,69.27%,GIA,2136764895,
BH-37         ,1,5.01,,FANCY YELLOW-GREEN,FANCY,,,YELLOW-GREEN,SI2,CUSHION,NONE,,N,G,VG,10.4,8.42,5.87,69.71%,GIA,5166820079,
BH-32         ,1,2.12,C252,U-V,,,,U-V,VS2,CUSHION,NONE,,N,VG,VG,7.3,6.62,4.75,71.75%,GIA,2156122905,
BH-31         ,1,2.08,C252,O-P,,,,O-P,VS1,CUSHION,NONE,,N,G,G,7.2,6.9,4.75,68.84%,GIA,1159805673,
BH-29         ,1,1.83,,FANCY YELLOW,FANCY,,,YELLOW,SI2,PEAR,MEDIUM,BLUE,MB,VG,G,9.97,6.78,4.45,65.63%,GIA,5166787275,
BH-26         ,1,1.20,,FANCY LIGHT YELLOW-GREEN,FANCY LIGHT,,,YELLOW-GREEN,VS1,CUSHION,STRONG,BLUE,SB,VG,G,5.99,5.86,3.82,65.19%,GIA,5136253112,
BH-24         ,1,1.01,,FANCY LIGHT YELLOW,FANCY LIGHT,,,YELLOW,SI1,PEAR,FAINT,,F,VG,G,7.29,5.25,3.56,67.81%,GIA,2166729517,
BH-12         ,1,5.02,,FANCY YELLOW,FANCY,,,YELLOW,SI1,CUSHION,NONE,,N,VG,VG,9.42,9.25,6.32,68.32%,GIA,2166860220,
BH-10         ,1,3.01,,W-X,,,,W-X,SI1,CUSHION,NONE,,N,G,G,8.26,7.56,5.54,73.28%,GIA,2166772775,
BH-08         ,1,2.02,C252,Y-Z,,,,Y-Z,VVS2,CUSHION,NONE,,N,G,VG,7.21,6.8,4.6,67.65%,GIA,2166790290,
BH-07         ,1,2.01,C252,Y-Z,,,,Y-Z,SI1,CUSHION,NONE,,N,G,G,7.44,6.63,4.48,67.57%,GIA,5166790428,
BH-04         ,1,1.40,,FANCY INTENSE YELLOW,FANCY INTENSE,,,YELLOW,VS2,RADIANT,NONE,,N,VG,G,7.11,5.21,3.92,75.24%,GIA,5166818170,
BG-92         ,1,1.19,,FANCY GRAYISH YELLOWISH GREEN,FANCY,GRAYISH,YELLOWISH,GREEN,VS2,CUSHION,NONE,,N,G,VG,5.91,5.71,3.91,68.48%,GIA,2155885124,
BG-91         ,1,1.02,,FANCY GREEN-YELLOW,FANCY,,,GREEN-YELLOW,VS2,PEAR,STRONG,BLUE,SB,VG,VG,7.57,5.38,3.39,63.01%,GIA,2155898611,
BG-90         ,1,1.01,,FANCY LIGHT YELLOW-GREEN,FANCY LIGHT,,,YELLOW-GREEN,VS1,CUSHION,STRONG,BLUE,SB,VG,G,5.66,5.59,3.69,66.01%,GIA,5151885841,
BG-84         ,1,3.00,,FANCY YELLOW,FANCY,,,YELLOW,SI1,PEAR,STRONG,BLUE,SB,VG,G,11.4,7.63,4.67,61.21%,GIA,1169752037,
BG-83         ,1,2.01,,FANCY YELLOW,FANCY,,,YELLOW,SI1,PEAR,NONE,,N,G,G,9.8,6.75,4.22,62.52%,GIA,1169753404,
BG-81         ,1,1.03,,FANCY YELLOW,FANCY,,,YELLOW,VS2,PEAR,STRONG,BLUE,SB,G,G,7.08,5.31,3.61,67.98%,GIA,2156420129,
BG-73         ,1,1.51,C245,FANCY BROWNISH YELLOW,FANCY,BROWNISH,,YELLOW,SI1,CUSHION,FAINT,,F,VG,G,6.47,6.24,4.28,68.59%,GIA,1159057247,
BG-72         ,1,1.51,C245,FANCY BROWNISH GREENISH YELLOW,FANCY,BROWNISH,GREENISH,YELLOW,SI1,CUSHION,NONE,,N,VG,VG,6.42,6.29,4.21,66.93%,GIA,2131338438,
BG-71         ,1,1.51,C245,FANCY BROWNISH GREENISH YELLOW,FANCY,BROWNISH,GREENISH,YELLOW,SI2,RADIANT,STRONG,YELLOW,SY,VG,F,7.75,5.14,3.83,74.51%,GIA,2135992343,
BG-70         ,1,1.50,C245,FANCY BROWNISH YELLOW,FANCY,BROWNISH,,YELLOW,VS2,CUSHION,STRONG,BLUE,SB,EX,G,6.44,6.02,4.3,71.43%,GIA,5141636466,
BG-69         ,1,1.50,C245,FANCY BROWNISH GREENISH YELLOW,FANCY,BROWNISH,GREENISH,YELLOW,VS1,CUSHION,NONE,,N,EX,VG,6.53,6.18,4.25,68.77%,GIA,2146900886,
BG-68         ,1,1.28,C245,FANCY BROWNISH GREENISH YELLOW,FANCY,BROWNISH,GREENISH,YELLOW,SI2,CUSHION,FAINT,,F,EX,VG,6.22,6.18,3.84,62.14%,GIA,2166676560,
BG-67         ,1,1.21,C245,FANCY BROWNISH GREENISH YELLOW,FANCY,BROWNISH,GREENISH,YELLOW,VVS2,CUSHION,FAINT,,F,VG,G,5.91,5.78,4.07,70.42%,GIA,2156897736,
BG-66         ,1,1.15,C245,FANCY BROWNISH GREENISH YELLOW,FANCY,BROWNISH,GREENISH,YELLOW,SI1,CUSHION,NONE,,N,VG,G,6.35,5.89,3.82,64.86%,GIA,2125240072,
BG-61         ,1,1.78,C245,FANCY BROWNISH GREENISH YELLOW,FANCY,BROWNISH,GREENISH,YELLOW,VS2,CUSHION,NONE,,N,VG,G,7.73,6.95,4.48,64.46%,GIA,2125240026,
BG-60         ,1,1.75,C245,FANCY BROWNISH GREENISH YELLOW,FANCY,BROWNISH,GREENISH,YELLOW,SI1,CUSHION,STRONG,WHITE,SW,EX,VG,6.63,6.46,4.51,69.81%,GIA,5146759076,
BG-59         ,1,1.73,C245,FANCY DEEP BROWNISH YELLOW,FANCY DEEP,BROWNISH,,YELLOW,SI1,RADIANT,NONE,,N,VG,G,8.23,6.19,3.85,62.20%,GIA,2125721700,
BG-56         ,1,2.21,,VERY LIGHT GREEN,VERY LIGHT,,,GREEN,VS2,ROUND,NONE,,N,EX,EX,8.42,8.39,5.15,61.38%,GIA,5176083364,
BG-52         ,1,2.11,,FANCY DEEP BROWNISH GREENISH YELLOW,FANCY DEEP,BROWNISH,GREENISH,YELLOW,SI2,PEAR,STRONG,YELLOW,SY,G,G,10.38,7.48,4.43,59.22%,GIA,2166752758,
BG-51         ,1,1.18,,VERY LIGHT PINK,VERY LIGHT,,,PINK,I1,MARQUISE,NONE,,N,VG,VG,9.58,5.33,3.42,64.17%,GIA,1169752796,
BG-42         ,1,2.01,C253,Y-Z,,,,Y-Z,VS2,HEART,NONE,,N,EX,G,6.9,7.76,4.9,63.14%,GIA,5166730514,
BG-27         ,1,1.22,C281,FANCY INTENSE YELLOW-ORANGE,FANCY INTENSE,,,YELLOW-ORANGE,SI2,OVAL,STRONG,YELLOW,SY,VG,VG,7.55,5.5,3.76,68.36%,GIA,2166676584,
BG-11         ,1,1.02,C272,FANCY LIGHT BROWN-PINK,FANCY LIGHT,,,BROWN-PINK,I1,ROUND,NONE,,N,VG,EX,6.41,6.36,4,62.89%,GIA,5146802348,
BG-09         ,1,1.54,,FANCY DEEP BROWNISH ORANGY YELLOW,FANCY DEEP,BROWNISH,ORANGY,YELLOW,SI2,MARQUISE,STRONG,YELLOW,SY,G,G,10.61,5.67,3.88,68.43%,GIA,2135528488,
BG-08         ,1,1.10,C226,FANCY DEEP GRAYISH GREENISH YELLOW,FANCY DEEP,GRAYISH,GREENISH,YELLOW,I2,RADIANT,NONE,,N,VG,VG,6.86,5.18,3.36,64.86%,GIA,2145573008,
BG-07         ,1,1.08,C226,FANCY DEEP BROWNISH YELLOW,FANCY DEEP,BROWNISH,,YELLOW,SI2,RADIANT,NONE,,N,VG,G,6.66,5.16,3.64,70.54%,GIA,5166310368,
BF-94         ,1,0.44,C174,FAINT PINKISH BROWN,FAINT,PINKISH,,BROWN,VS1,RADIANT,FAINT,,F,EX,VG,4.33,4.32,2.74,63.43%,GIA,2166971268,
BF-89         ,1,1.10,C281,FANCY VIVID ORANGY YELLOW,FANCY VIVID,ORANGY,,YELLOW,SI2,HEART,NONE,,N,EX,G,6.05,6.76,3.97,58.73%,GIA,1149900699,
BF-84         ,1,0.70,C174,VERY LIGHT PINK,VERY LIGHT,,,PINK,SI2,RADIANT,MEDIUM,BLUE,MB,EX,VG,5.05,5.04,3.22,63.89%,GIA,1169971280,
BF-82         ,1,1.74,,VERY LIGHT PINK,VERY LIGHT,,,PINK,VS2,RADIANT,NONE,,N,VG,EX,6.97,6.96,4.23,60.78%,GIA,2166969194,
BF-79         ,1,0.89,C71,VERY LIGHT GREEN,VERY LIGHT,,,GREEN,VS2,ROUND,STRONG,BLUE,SB,VG,G,6.16,6.12,3.79,61.93%,GIA,1142269114,
BF-78         ,1,0.40,C71,FAINT PINK,FAINT,,,PINK,SI1,ROUND,NONE,,N,VG,VG,4.7,4.66,2.85,61.16%,GIA,2156166728,
BF-77         ,1,0.83,C71,FANCY DEEP BROWNISH YELLOW,FANCY DEEP,BROWNISH,,YELLOW,,ROUND,,,,,,6.04,6.01,3.58,59.57%,GIA,5141515804,
BF-76         ,1,0.79,C71,FANCY BROWN-PINK,FANCY,,,BROWN-PINK,,ROUND,,,,,,6.09,6.06,3.54,58.42%,GIA,2115825380,
BF-75         ,1,0.72,C71,FANCY BROWNISH YELLOWISH ORANGE,FANCY,BROWNISH,YELLOWISH,ORANGE,,ROUND,,,,,,5.63,5.59,3.62,64.76%,GIA,5111571356,
BF-74         ,1,0.65,C71,FANCY LIGHT PINKISH BROWN,FANCY LIGHT,PINKISH,,BROWN,,ROUND,,,,,,5.62,5.57,3.37,60.50%,GIA,1122715434,
BF-73         ,1,0.65,C71,FANCY DEEP YELLOWISH ORANGE,FANCY DEEP,YELLOWISH,,ORANGE,,ROUND,,,,,,5.47,5.43,3.51,64.64%,GIA,5111846154,
BF-72         ,1,0.60,C71,FANCY YELLOW-GREEN,FANCY,,,YELLOW-GREEN,,ROUND,,,,,,5.39,5.37,3.31,61.64%,GIA,2125715530,
BF-71         ,1,0.60,C71,FANCY DEEP YELLOW-ORANGE,FANCY DEEP,,,YELLOW-ORANGE,VS1,ROUND,NONE,,N,G,VG,5.35,5.28,3.36,63.64%,GIA,5146974885,
BF-70         ,1,0.58,C71,FANCY DEEP BROWNISH ORANGY YELLOW,FANCY DEEP,BROWNISH,ORANGY,YELLOW,SI2,ROUND,MEDIUM,YELLOW,MY,VG,G,5.48,5.43,3.17,58.38%,GIA,1112571378,
BF-69         ,1,0.55,C71,FANCY LIGHT YELLOW,FANCY LIGHT,,,YELLOW,VS2,ROUND,NONE,,N,VG,VG,5.19,5.16,3.29,63.76%,GIA,2136560068,
BF-68         ,1,0.52,C71,FANCY DEEP YELLOW,FANCY DEEP,,,YELLOW,,ROUND,,,,,,4.88,4.84,3.33,68.80%,GIA,5121714956,
BF-67         ,1,0.52,C71,FANCY DEEP GRAYISH GREENISH YELLOW,FANCY DEEP,GRAYISH,GREENISH,YELLOW,SI2,ROUND,NONE,,N,VG,EX,5.11,5.07,3.25,64.10%,GIA,2115571388,
BF-66         ,1,0.52,C71,FANCY DEEP BROWNISH GREENISH YELLOW,FANCY DEEP,BROWNISH,GREENISH,YELLOW,SI1,ROUND,NONE,,N,VG,VG,5.07,5.02,3.24,64.54%,GIA,2115587938,
BF-65         ,1,0.51,C71,FANCY LIGHT YELLOW-GREEN,FANCY LIGHT,,,YELLOW-GREEN,,ROUND,,,,,,5.07,5.04,3.18,63.10%,GIA,5131365468,
BF-64         ,1,0.50,C71,FANCY LIGHT PINK,FANCY LIGHT,,,PINK,,ROUND,,,,,,4.99,4.95,3.23,65.25%,GIA,5121714954,
BF-63         ,1,0.50,C71,FANCY GREENISH YELLOW-GRAY,FANCY,GREENISH,,YELLOW-GRAY,VS2,ROUND,STRONG,YELLOW,SY,VG,EX,5.01,4.97,3.12,62.78%,GIA,2115644209,
BF-62         ,1,0.50,C71,FANCY DEEP ORANGY YELLOW,FANCY DEEP,ORANGY,,YELLOW,,ROUND,,,,,,5.07,5.01,3.14,62.67%,GIA,2135310154,
BF-61         ,1,0.50,C71,FANCY DEEP BROWNISH YELLOW,FANCY DEEP,BROWNISH,,YELLOW,I1,ROUND,NONE,,N,G,G,4.99,4.94,3.17,64.17%,GIA,2156254931,
BF-60         ,1,0.50,C71,FANCY DEEP BROWNISH GREENISH YELLOW,FANCY DEEP,BROWNISH,GREENISH,YELLOW,SI2,ROUND,NONE,,N,VG,EX,5.06,5.03,3.19,63.42%,GIA,5156167114,
BF-59         ,1,0.47,C71,FANCY GRAYISH YELLOWISH GREEN,FANCY,GRAYISH,YELLOWISH,GREEN,VS1,ROUND,STRONG,YELLOW,SY,G,VG,4.98,4.93,3.02,61.26%,GIA,2146974844,
BF-58         ,1,0.45,C71,FANCY DEEP YELLOW,FANCY DEEP,,,YELLOW,SI1,ROUND,NONE,,N,G,VG,4.8,4.76,3.08,64.71%,GIA,5156254495,
BF-57         ,1,0.45,C71,FANCY BROWNISH YELLOW,FANCY,BROWNISH,,YELLOW,,ROUND,,,,,,4.79,4.74,3.07,64.77%,GIA,2146018088,
BF-54         ,1,1.03,,FANCY LIGHT GREENISH BLUE,FANCY LIGHT,GREENISH,,BLUE,I1,CUSHION,STRONG,BLUE,SB,EX,VG,5.64,5.06,3.83,75.69%,GIA,2166983377,
BF-50         ,1,0.40,C71,FANCY LIGHT GREEN-YELLOW,FANCY LIGHT,,,GREEN-YELLOW,,ROUND,,,,,,4.73,4.64,2.93,63.15%,GIA,1132365461,
BF-41         ,1,1.87,C245,FANCY BROWNISH GREENISH YELLOW,FANCY,BROWNISH,GREENISH,YELLOW,SI2,CUSHION,NONE,,N,G,VG,6.66,6.65,4.69,70.53%,GIA,5166379906,
BF-40         ,1,1.74,C245,FANCY BROWNISH GREENISH YELLOW,FANCY,BROWNISH,GREENISH,YELLOW,VS2,CUSHION,NONE,,N,G,G,6.73,6.26,4.68,74.76%,GIA,1169279469,
BF-39         ,1,1.61,C245,FANCY LIGHT BROWNISH GREENISH YELLOW,FANCY LIGHT,BROWNISH,GREENISH,YELLOW,VS2,CUSHION,NONE,,N,G,VG,6.42,6.11,4.56,74.63%,GIA,2156988814,
BF-38         ,1,1.59,C245,FANCY DEEP BROWNISH GREENISH YELLOW,FANCY DEEP,BROWNISH,GREENISH,YELLOW,SI1,PEAR,MEDIUM,BLUE,MB,G,G,8.34,5.73,4.54,79.23%,GIA,1149636018,
BF-37         ,1,1.32,C245,FANCY BROWNISH GREENISH YELLOW,FANCY,BROWNISH,GREENISH,YELLOW,VS2,CUSHION,NONE,,N,G,VG,6.06,5.63,4.23,75.13%,GIA,1169305116,
BF-36         ,1,1.26,C245,FANCY BROWNISH GREENISH YELLOW,FANCY,BROWNISH,GREENISH,YELLOW,SI1,CUSHION,NONE,,N,G,G,5.96,5.89,3.94,66.89%,GIA,2136998233,
BF-35         ,1,1.25,C245,FANCY BROWNISH GREENISH YELLOW,FANCY,BROWNISH,GREENISH,YELLOW,VS2,CUSHION,NONE,,N,G,VG,6.02,5.78,4,69.20%,GIA,1149671242,
BF-34         ,1,1.02,C245,FANCY DEEP GREENISH YELLOW,FANCY DEEP,GREENISH,,YELLOW,VS2,CUSHION,NONE,,N,VG,G,5.78,5.71,3.52,61.65%,GIA,2136161317,
BF-33         ,1,1.01,C245,FANCY BROWNISH GREENISH YELLOW,FANCY,BROWNISH,GREENISH,YELLOW,VS2,CUSHION,NONE,,N,G,G,5.71,5.19,3.86,74.37%,GIA,2166336274,
BF-23         ,1,1.41,,FANCY LIGHT PINK,FANCY LIGHT,,,PINK,VVS1,CUSHION,NONE,,N,EX,EX,6.24,6.05,4.13,68.26%,GIA,1169227776,
BF-14         ,1,2.02,,FANCY LIGHT YELLOW,FANCY LIGHT,,,YELLOW,SI1,PEAR,NONE,,N,G,G,8.91,6.66,4.42,66.37%,GIA,2166688238,
BF-12         ,1,1.22,C218,FANCY INTENSE YELLOW,FANCY INTENSE,,,YELLOW,IF,CUSHION,MEDIUM,BLUE,MB,EX,EX,5.99,5.75,3.93,68.35%,GIA,1169310444,
BF-11         ,1,1.20,,FANCY LIGHT YELLOW,FANCY LIGHT,,,YELLOW,VS2,CUSHION,FAINT,,F,VG,G,5.84,5.56,4.04,72.66%,GIA,1169606964,
BE-96         ,1,1.21,C218,FANCY GREEN-BLUE,FANCY,,,GREEN-BLUE,SI1,CUSHION,FAINT,,F,EX,VG,5.93,5.76,3.94,68.40%,GIA,1169242187,
BE-94         ,1,0.40,C71,VERY LIGHT PINK,VERY LIGHT,,,PINK,SI2,ROUND,NONE,,N,EX,EX,4.79,4.76,2.9,60.92%,GIA,2166051277,
BE-93         ,1,0.39,C174,FANCY BROWN-PINK,FANCY,,,BROWN-PINK,SI1,RADIANT,MEDIUM,BLUE,MB,EX,EX,4.05,4.02,2.7,67.16%,GIA,2166936088,
BE-91         ,1,1.21,C218,FANCY INTENSE GREEN-YELLOW,FANCY INTENSE,,,GREEN-YELLOW,VS1,CUSHION,FAINT,,F,EX,VG,5.93,5.73,3.94,68.76%,GIA,1169142914,
BE-76         ,1,0.50,C71,VERY LIGHT BLUE,VERY LIGHT,,,BLUE,VS1,ROUND,NONE,,N,VG,VG,4.97,4.95,3.18,64.24%,GIA,2101739902,
BE-75         ,1,1.01,C272,FANCY GRAY,FANCY,,,GRAY,I2,ROUND,NONE,,N,G,VG,6.35,6.33,4.05,63.98%,GIA,1169897454,
BE-72         ,1,1.63,C281,FANCY INTENSE GREEN-YELLOW,FANCY INTENSE,,,GREEN-YELLOW,SI2,CUSHION,STRONG,GREEN,SG,VG,G,6.89,5.96,4.12,69.13%,GIA,1169888875,
BE-67         ,1,5.01,,FANCY GRAYISH GREENISH YELLOW,FANCY,GRAYISH,GREENISH,YELLOW,VS2,CUSHION,STRONG,BLUE,SB,EX,G,9.71,9.1,6.29,69.12%,GIA,2146624354,
BE-58         ,1,4.02,P257,FANCY LIGHT BLUISH GREEN,FANCY LIGHT,BLUISH,,GREEN,VVS2,CUSHION,FAINT,,F,VG,VG,9.01,8.66,5.78,66.74%,GIA,2155928493,
BE-55         ,1,1.03,C281,FANCY LIGHT PURPLISH PINK,FANCY LIGHT,PURPLISH,,PINK,I1,OVAL,NONE,,N,VG,G,7.7,5.39,3.35,62.15%,GIA,1159094578,
BE-54         ,1,1.48,,FANCY LIGHT YELLOW,FANCY LIGHT,,,YELLOW,VS1,PEAR,NONE,,N,G,VG,8.19,6.38,3.9,61.13%,GIA,2166455555,
BE-53         ,1,4.00,,FANCY YELLOW,FANCY,,,YELLOW,VS1,CUSHION,NONE,,N,G,G,9.42,8.24,5.76,69.90%,GIA,2166454833,
BE-48         ,1,0.60,C71,FANCY LIGHT YELLOW-GREEN,FANCY LIGHT,,,YELLOW-GREEN,VS2,ROUND,VERY STRONG,BLUE,VSTB,VG,VG,5.45,5.43,3.28,60.41%,GIA,5146976598,
BE-47         ,1,0.52,C71,FANCY LIGHT GREEN-YELLOW,FANCY LIGHT,,,GREEN-YELLOW,VS2,ROUND,STRONG,BLUE,SB,EX,EX,5.17,5.16,3.2,62.02%,GIA,5136563624,
BE-46         ,1,0.39,C174,FANCY YELLOWISH GREEN,FANCY,YELLOWISH,,GREEN,SI1,RADIANT,NONE,,N,VG,VG,4.26,4.23,2.59,61.23%,GIA,1159160419,
BE-45         ,1,5.05,,FANCY GREENISH YELLOW,FANCY,GREENISH,,YELLOW,SI2,CUSHION,NONE,,N,G,G,10.6,8.65,6,69.36%,GIA,2156989884,
BE-44         ,1,4.03,,FANCY GRAYISH GREENISH YELLOW,FANCY,GRAYISH,GREENISH,YELLOW,VS2,CUSHION,NONE,,N,G,VG,8.86,8.37,5.88,70.25%,GIA,1169862355,
BE-43         ,1,3.01,,FANCY GREEN-YELLOW,FANCY,,,GREEN-YELLOW,VS1,CUSHION,NONE,,N,G,VG,8.33,7.37,5.25,71.23%,GIA,1159354568,
BE-42         ,1,1.85,,FANCY LIGHT YELLOW-GREEN,FANCY LIGHT,,,YELLOW-GREEN,SI1,RADIANT,NONE,,N,VG,VG,6.94,6.91,4.44,64.25%,GIA,5136493295,
BE-40         ,1,0.43,C174,FANCY LIGHT YELLOW-GREEN,FANCY LIGHT,,,YELLOW-GREEN,VVS1,RADIANT,STRONG,BLUE,SB,VG,VG,4.22,4.2,2.77,65.95%,GIA,2166889000,
BE-38         ,1,3.02,,FANCY LIGHT YELLOW,FANCY LIGHT,,,YELLOW,SI2,OVAL,NONE,,N,VG,G,10.03,7.26,5.07,69.83%,GIA,1179068049,
BE-28         ,1,1.33,,LIGHT BLUE,LIGHT,,,BLUE,VS1,RADIANT,FAINT,,F,VG,VG,6.22,6.2,3.94,63.55%,GIA,2135750496,
BE-27         ,1,0.62,C174,FANCY LIGHT YELLOW-GREEN,FANCY LIGHT,,,YELLOW-GREEN,VS1,RADIANT,STRONG,GREEN,SG,VG,VG,4.85,4.83,3.08,63.77%,GIA,2166827968,
BE-26         ,1,4.07,P257,FANCY GREEN-BLUE,FANCY,,,GREEN-BLUE,VS1,CUSHION,STRONG,BLUE,SB,G,VG,8.69,8.55,5.9,69.01%,GIA,6165067609,
BE-17         ,1,0.60,C174,VERY LIGHT PINK,VERY LIGHT,,,PINK,VS1,RADIANT,NONE,,N,VG,VG,4.69,4.68,3.12,66.67%,GIA,5146746059,
BE-16         ,1,0.53,C174,FAINT PINK,FAINT,,,PINK,SI1,RADIANT,NONE,,N,VG,VG,4.6,4.58,2.88,62.88%,GIA,2156330688,
BE-15         ,1,0.52,C174,VERY LIGHT PINK,VERY LIGHT,,,PINK,VVS1,RADIANT,NONE,,N,VG,VG,4.6,4.58,2.91,63.54%,GIA,2136863749,
BE-14         ,1,0.54,C71,VERY LIGHT PINK,VERY LIGHT,,,PINK,,ROUND,,,,,,5.29,5.26,3.14,59.70%,GIA,1122715454,
BE-11         ,1,1.50,,FANCY YELLOW-GREEN,FANCY,,,YELLOW-GREEN,VS1,OVAL,NONE,,N,EX,VG,7.78,5.82,4.09,70.27%,GIA,2145680768,
BE-01         ,1,2.83,,FANCY YELLOW-GREEN,FANCY,,,YELLOW-GREEN,VS1,CUSHION,NONE,,N,G,G,7.63,7.62,5.35,70.21%,GIA,2166280679,
BD-99         ,1,2.00,,FANCY GRAYISH YELLOWISH GREEN,FANCY,GRAYISH,YELLOWISH,GREEN,VS2,RADIANT,NONE,,N,VG,VG,7.32,7.25,4.51,62.21%,GIA,5166814075,
BD-96         ,1,1.76,P244,FANCY YELLOW-GREEN,FANCY,,,YELLOW-GREEN,SI1,RADIANT,NONE,,N,G,VG,6.8,6.77,4.34,64.11%,GIA,5136857154,
BD-95         ,1,1.74,,FANCY LIGHT YELLOW-GREEN,FANCY LIGHT,,,YELLOW-GREEN,SI2,RADIANT,VERY STRONG,BLUE,VSTB,G,G,6.82,6.82,4.34,63.64%,GIA,2166815742,
BD-94         ,1,1.74,P244,FANCY YELLOW-GREEN,FANCY,,,YELLOW-GREEN,SI1,RADIANT,NONE,,N,VG,VG,6.83,6.77,4.36,64.40%,GIA,5146182816,
BD-91         ,1,1.31,P259,FANCY LIGHT GRAYISH YELLOWISH GREEN,FANCY LIGHT,GRAYISH,YELLOWISH,GREEN,VS2,RADIANT,NONE,,N,VG,VG,6.14,6.14,3.93,64.01%,GIA,2146543888,
BD-90         ,1,1.31,P259,FANCY GRAYISH YELLOWISH GREEN,FANCY,GRAYISH,YELLOWISH,GREEN,SI1,RADIANT,NONE,,N,VG,G,6.14,6.13,3.94,64.27%,GIA,2146006159,
BD-88         ,1,1.14,,FANCY YELLOWISH GREEN,FANCY,YELLOWISH,,GREEN,VS2,CUSHION,NONE,,N,VG,VG,5.82,5.8,3.72,64.14%,GIA,2166172271,
BD-80         ,1,2.07,,FANCY YELLOW,FANCY,,,YELLOW,SI1,OVAL,NONE,,N,VG,G,8.84,6.44,4.49,69.72%,GIA,1159876903,
BD-76         ,1,1.31,C194,LIGHT GREEN-YELLOW,LIGHT,,,GREEN-YELLOW,SI1,PEAR,STRONG,BLUE,SB,G,VG,8.16,5.84,3.7,63.36%,GIA,5151771586,
BD-75         ,1,1.21,,FANCY LIGHT YELLOW-GREEN,FANCY LIGHT,,,YELLOW-GREEN,SI1,PEAR,NONE,,N,EX,VG,7.77,5.62,3.68,65.48%,GIA,1152724846,
BD-73         ,1,0.68,C174,FANCY YELLOW,FANCY,,,YELLOW,VVS1,RADIANT,NONE,,N,VG,VG,4.94,4.86,3.2,65.84%,GIA,1169791840,
BD-68         ,1,0.78,C174,FANCY LIGHT YELLOW-GREEN,FANCY LIGHT,,,YELLOW-GREEN,SI2,RADIANT,VERY STRONG,BLUE,VSTB,G,G,5.2,5.19,3.33,64.16%,GIA,2145346933,
BD-67         ,1,0.44,C174,LIGHT GREEN-YELLOW,LIGHT,,,GREEN-YELLOW,VVS1,RADIANT,STRONG,BLUE,SB,EX,VG,4.34,4.26,2.76,64.79%,GIA,2135718552,
BD-63         ,1,1.38,C281,FANCY INTENSE GREEN-YELLOW,FANCY INTENSE,,,GREEN-YELLOW,SI2,PEAR,STRONG,BLUE,SB,VG,G,8.77,5.93,3.62,61.05%,GIA,1169883273,
BD-61         ,1,2.01,,FANCY LIGHT YELLOW,FANCY LIGHT,,,YELLOW,SI2,OVAL,NONE,,N,VG,G,8.44,6.19,4.46,72.05%,GIA,2166822099,
BD-54         ,1,1.33,C281,FANCY LIGHT BLUISH GREEN,FANCY LIGHT,BLUISH,,GREEN,SI1,PEAR,MEDIUM,BLUE,MB,VG,G,7.97,5.77,3.93,68.11%,GIA,2155766928,
BD-49         ,1,0.35,C174,LIGHT GREEN,LIGHT,,,GREEN,SI1,RADIANT,FAINT,,F,VG,G,4,3.94,2.59,65.74%,GIA,1169786182,
BD-48         ,1,5.63,,FANCY YELLOW,FANCY,,,YELLOW,VS2,CUSHION,NONE,,N,VG,G,10.37,9.14,6.5,71.12%,GIA,5166983279,
BD-47         ,1,0.61,C174,FANCY LIGHT YELLOW-GREEN,FANCY LIGHT,,,YELLOW-GREEN,VS2,RADIANT,NONE,,N,VG,VG,4.78,4.75,3.04,64.00%,GIA,1169175152,
BD-44         ,1,1.51,C160,FANCY YELLOW,FANCY,,,YELLOW,VS1,OVAL,NONE,,N,VG,G,7.6,6.01,3.9,64.89%,GIA,2155749774,
BD-43         ,1,1.49,C160,FANCY YELLOW,FANCY,,,YELLOW,VS2,PEAR,NONE,,N,VG,VG,7.88,6.02,4.18,69.44%,GIA,2155743428,
BD-39         ,1,1.02,,FANCY GREENISH YELLOW,FANCY,GREENISH,,YELLOW,VS2,CUSHION,NONE,,N,VG,VG,6,5.15,3.67,71.26%,GIA,5166815412,
BD-38         ,1,1.02,,FANCY YELLOW,FANCY,,,YELLOW,IF,OVAL,MEDIUM,BLUE,MB,VG,G,7.13,5.29,3.31,62.57%,GIA,2176093385,
BD-35         ,1,1.63,C194,FANCY LIGHT GREEN-YELLOW,FANCY LIGHT,,,GREEN-YELLOW,VS1,CUSHION,STRONG,BLUE,SB,EX,G,6.71,6.34,4.38,69.09%,GIA,2156396041,
BD-34         ,1,0.76,C256,FANCY YELLOW,FANCY,,,YELLOW,VS2,MARQUISE,MEDIUM,BLUE,MB,G,G,9.69,4.67,2.9,62.10%,GIA,1169836709,
BD-32         ,1,0.75,C256,FANCY YELLOW,FANCY,,,YELLOW,SI2,PEAR,NONE,,N,VG,VG,7.55,5,3.37,67.40%,GIA,5166836763,
BD-31         ,1,0.87,C256,FANCY YELLOW,FANCY,,,YELLOW,VS2,CUSHION,FAINT,,F,VG,G,5.24,5.15,3.83,74.37%,GIA,2166836851,
BD-24         ,1,0.50,C71,VERY LIGHT GREEN,VERY LIGHT,,,GREEN,SI1,ROUND,MEDIUM,BLUE,MB,EX,VG,5.1,5.08,3.17,62.40%,GIA,2166133928,
BD-23         ,1,0.40,C71,VERY LIGHT GREEN,VERY LIGHT,,,GREEN,VVS2,ROUND,MEDIUM,GREEN,MG,EX,EX,4.74,4.71,2.95,62.63%,GIA,1169037893,
BD-22         ,1,0.40,C71,FAINT GREEN,FAINT,,,GREEN,SI2,ROUND,FAINT,,F,VG,VG,4.76,4.75,2.89,60.84%,GIA,2166037917,
BD-08         ,1,1.00,C194,FANCY LIGHT YELLOW-GREEN,FANCY LIGHT,,,YELLOW-GREEN,SI1,CUSHION,STRONG,BLUE,SB,G,G,5.56,5.31,3.9,73.45%,GIA,1169122061,
BD-01         ,1,2.55,C253,W-X,,,,W-X,VVS1,PEAR,NONE,,N,G,G,9.68,7.1,4.76,67.04%,GIA,2166126796,
BC-97         ,1,1.01,C281,FANCY INTENSE ORANGY YELLOW,FANCY INTENSE,ORANGY,,YELLOW,SI1,PEAR,STRONG,YELLOW,SY,G,G,7.31,5.28,3.56,67.42%,GIA,5156876848,
BC-96         ,1,1.14,,FANCY INTENSE YELLOW,FANCY INTENSE,,,YELLOW,SI1,PEAR,FAINT,,F,G,G,8.01,5.3,3.64,68.68%,GIA,2156632468,
BC-95         ,1,0.46,C71,VERY LIGHT GREEN,VERY LIGHT,,,GREEN,SI1,ROUND,NONE,,N,EX,EX,4.92,4.89,3.12,63.80%,GIA,1149779647,
BC-94         ,1,1.32,,FANCY GRAYISH YELLOWISH GREEN,FANCY,GRAYISH,YELLOWISH,GREEN,SI1,RADIANT,NONE,,N,VG,VG,6.21,6.19,3.91,63.17%,GIA,2166582860,
BC-90         ,1,1.00,C281,VERY LIGHT PINK,VERY LIGHT,,,PINK,SI2,RADIANT,MEDIUM,BLUE,MB,VG,VG,5.9,5.85,3.51,60.00%,GIA,1169011920,
BC-89         ,1,0.70,C71,FANCY LIGHT YELLOWISH GREEN,FANCY LIGHT,YELLOWISH,,GREEN,VS2,ROUND,STRONG,GREEN,SG,VG,G,5.59,5.55,3.54,63.78%,GIA,5136215895,
BC-88         ,1,0.61,C71,FANCY LIGHT YELLOW-GREEN,FANCY LIGHT,,,YELLOW-GREEN,VS2,ROUND,STRONG,GREEN,SG,EX,EX,5.46,5.45,3.39,62.20%,GIA,2136820106,
BC-86         ,1,1.52,C160,FANCY YELLOW,FANCY,,,YELLOW,VS1,CUSHION,NONE,,N,VG,VG,6.17,6.09,4.24,69.62%,GIA,1152711619,
BC-85         ,1,1.70,C160,FANCY YELLOW,FANCY,,,YELLOW,VS2,CUSHION,NONE,,N,VG,EX,6.51,6.34,4.54,71.61%,GIA,5151691566,
BC-83         ,1,1.38,,FANCY YELLOW,FANCY,,,YELLOW,VS2,PEAR,NONE,,N,VG,VG,8.01,5.74,3.92,68.29%,GIA,2155692122,
BC-80         ,1,0.63,C71,FANCY LIGHT YELLOW-GREEN,FANCY LIGHT,,,YELLOW-GREEN,SI1,ROUND,STRONG,GREEN,SG,G,VG,5.35,5.32,3.45,64.85%,GIA,5156095341,
BC-78         ,1,0.47,C207,LIGHT BLUE,LIGHT,,,BLUE,VS1,RADIANT,NONE,,N,G,G,4.4,4.41,2.76,62.59%,GIA,2156797007,
BC-75         ,1,0.40,C71,FANCY LIGHT GREEN-YELLOW,FANCY LIGHT,,,GREEN-YELLOW,SI1,ROUND,STRONG,YELLOW,SY,G,F,4.66,4.6,2.98,64.78%,GIA,2166464983,
BC-69         ,1,2.02,,LIGHT PINKISH BROWN,LIGHT,PINKISH,,BROWN,I1,CUSHION,NONE,,N,EX,G,6.6,6.51,5.07,77.88%,GIA,5166303436,
BC-68         ,1,1.51,,FANCY LIGHT YELLOW,FANCY LIGHT,,,YELLOW,VS2,OVAL,NONE,,N,VG,VG,7.25,5.98,4.18,69.90%,GIA,2155653190,
BC-65         ,1,0.61,C207,FANCY ORANGY PINK,FANCY,ORANGY,,PINK,I1,RADIANT,NONE,,N,VG,VG,4.77,4.75,3.04,64.00%,GIA,1169277666,
BC-64         ,1,0.73,C207,FANCY BROWNISH ORANGY PINK,FANCY,BROWNISH,ORANGY,PINK,SI2,RADIANT,NONE,,N,VG,VG,5.14,5.11,3.12,61.06%,GIA,2166277845,
BC-63         ,1,3.02,,LIGHT GREEN,LIGHT,,,GREEN,SI2,ROUND,NONE,,N,EX,EX,9.09,9.04,5.76,63.72%,GIA,2166260531,
BC-58         ,1,1.71,,FANCY GRAYISH YELLOWISH GREEN,FANCY,GRAYISH,YELLOWISH,GREEN,VS2,RADIANT,NONE,,N,VG,VG,6.88,6.78,4.25,62.68%,GIA,2166277926,
BC-52         ,1,1.09,,FANCY INTENSE YELLOW,FANCY INTENSE,,,YELLOW,SI1,CUSHION,NONE,,N,EX,VG,5.65,5.2,3.86,74.23%,GIA,2156633533,
BC-51         ,1,0.79,C174,LIGHT PINK,LIGHT,,,PINK,I1,RADIANT,STRONG,BLUE,SB,VG,G,5.37,5.36,3.25,60.63%,GIA,2141308451,
BC-48         ,1,3.04,,FANCY GREENISH YELLOW,FANCY,GREENISH,,YELLOW,VVS2,CUSHION,NONE,,N,G,G,8.57,7.57,5.32,70.28%,GIA,2156449549,
BC-47         ,1,1.51,,FANCY VIVID YELLOW-GREEN,FANCY VIVID,,,YELLOW-GREEN,VS2,CUSHION,VERY STRONG,GREEN,VSTG,EX,G,6.53,6.43,4.19,65.16%,GIA,2156777545,
BC-36         ,1,3.04,,FANCY YELLOW,FANCY,,,YELLOW,SI2,PEAR,STRONG,BLUE,SB,VG,G,13.99,7.54,4.4,58.36%,GIA,5166842695,
BC-35         ,1,0.76,C71,FANCY YELLOW,FANCY,,,YELLOW,SI1,ROUND,NONE,,N,G,G,5.74,5.71,3.66,64.10%,GIA,5136093150,
BC-34         ,1,0.57,C71,FANCY YELLOW,FANCY,,,YELLOW,VS2,ROUND,FAINT,,F,G,VG,5.27,5.25,3.28,62.48%,GIA,5136511628,
BC-30         ,1,0.80,C71,LIGHT GREEN,LIGHT,,,GREEN,VS2,ROUND,NONE,,N,VG,EX,5.93,5.9,3.71,62.88%,GIA,1159126843,
BC-29         ,1,0.70,C71,FANCY GREEN-YELLOW,FANCY,,,GREEN-YELLOW,SI1,ROUND,STRONG,WHITE,SW,EX,EX,5.69,5.66,3.56,62.90%,GIA,2146810496,
BC-28         ,1,0.60,C71,LIGHT PINK,LIGHT,,,PINK,SI2,ROUND,NONE,,N,EX,EX,5.41,5.38,3.34,62.08%,GIA,5136872374,
BC-27         ,1,0.59,C71,LIGHT GREENISH YELLOW,LIGHT,GREENISH,,YELLOW,VS1,ROUND,STRONG,BLUE,SB,EX,EX,5.37,5.35,3.38,63.18%,GIA,1149488163,
BC-26         ,1,0.59,C71,FANCY YELLOW,FANCY,,,YELLOW,VVS1,ROUND,NONE,,N,VG,EX,5.48,5.44,3.28,60.29%,GIA,14999447,
BC-25         ,1,0.50,C71,LIGHT PINK,LIGHT,,,PINK,I1,ROUND,STRONG,BLUE,SB,G,G,5.06,5.03,3.1,61.63%,GIA,2155394983,
BC-24         ,1,5.60,,FANCY YELLOW,FANCY,,,YELLOW,SI1,OVAL,MEDIUM,BLUE,MB,VG,VG,12,9.11,6.27,68.83%,GIA,5166790303,
BC-23         ,1,5.13,P125,FANCY YELLOW,FANCY,,,YELLOW,VS2,CUSHION,FAINT,,F,G,VG,9.44,8.67,6.69,77.16%,GIA,5156573577,
BC-18         ,1,1.44,,FANCY INTENSE GREEN,FANCY INTENSE,,,GREEN,VS1,CUSHION,MEDIUM,GREEN,MG,VG,G,6.75,6.01,4,66.56%,GIA,1149898578,
BC-15         ,1,1.01,C281,FANCY INTENSE ORANGY YELLOW,FANCY INTENSE,ORANGY,,YELLOW,VS2,HEART,STRONG,YELLOW,SY,VG,VG,5.55,6.66,4.16,62.46%,GIA,1159261846,
BC-12         ,1,5.05,P125,FANCY YELLOW,FANCY,,,YELLOW,SI1,RECTANGLE,NONE,,N,G,G,9.66,8.72,6.45,73.97%,GIA,1159334849,
BC-10         ,1,2.01,,FANCY YELLOW,FANCY,,,YELLOW,SI1,PEAR,NONE,,N,G,G,8.99,6.53,4.69,71.82%,GIA,1159279031,
BC-05         ,1,1.15,P110,Q-R,,,,Q-R,VVS2,ROUND,FAINT,,F,EX,EX,6.7,6.69,4.2,62.78%,GIA,1159110386,
BB-97         ,1,1.10,C194,LIGHT YELLOW GREEN,LIGHT,,,YELLOW GREEN,VS1,CUSHION,STRONG,BLUE,SB,VG,VG,5.51,5.49,4.03,73.41%,GIA,5146856509,
BB-94         ,1,1.01,,VERY LIGHT GREEN,VERY LIGHT,,,GREEN,VS1,SQUARE,STRONG,BLUE,SB,VG,G,5.53,5.46,3.7,67.77%,GIA,2146365078,
BB-93         ,1,1.00,C194,LIGHT GREEN-YELLOW,LIGHT,,,GREEN-YELLOW,SI1,CUSHION,VERY STRONG,,VST,G,G,6.37,5.32,3.34,62.78%,GIA,2136161330,
BB-90         ,1,1.50,C160,FANCY YELLOW,FANCY,,,YELLOW,SI1,CUSHION,NONE,,N,EX,G,6.01,5.87,4.66,79.39%,GIA,5146754675,
BB-87         ,1,1.51,C160,FANCY YELLOW,FANCY,,,YELLOW,VS2,CUSHION,NONE,,N,VG,G,6.29,6.12,4.34,70.92%,GIA,5146802204,
BB-86         ,1,1.02,C194,LIGHT YELLOW GREEN,LIGHT,,,YELLOW GREEN,VS2,OVAL,STRONG,GREEN,SG,VG,VG,7.53,5.56,3.73,67.09%,GIA,1149270782,
BB-72         ,1,2.66,,LIGHT GREENISH YELLOW,LIGHT,GREENISH,,YELLOW,SI1,CUSHION,NONE,,N,EX,G,8.13,7.54,4.82,63.93%,GIA,5146005973,
BB-71         ,1,1.29,C194,LIGHT YELLOW-GREEN,LIGHT,,,YELLOW-GREEN,SI2,CUSHION,STRONG,BLUE,SB,VG,G,5.98,5.81,4.03,69.36%,GIA,2146018072,
BB-70         ,1,2.36,,FANCY GRAYISH GREENISH YELLOW,FANCY,GRAYISH,GREENISH,YELLOW,,OVAL,,,,,,9.27,6.87,4.5,65.50%,GIA,2146012362,
BB-68         ,1,1.52,C194,FAINT GREEN,FAINT,,,GREEN,VS1,CUSHION,VERY STRONG,BLUE,VSTB,VG,G,6.62,6.16,4.03,65.42%,GIA,1149012084,
BB-66         ,1,1.20,C194,LIGHT GREEN,LIGHT,,,GREEN,,CUSHION,,,,,,6.57,5.33,3.79,71.11%,GIA,2146292614,
BB-60         ,1,1.71,C194,LIGHT YELLOW-GREEN,LIGHT,,,YELLOW-GREEN,,CUSHION,,,,,,6.77,6.41,4.16,64.90%,GIA,2146017880,
BB-59         ,1,3.19,,VERY LIGHT GREEN,VERY LIGHT,,,GREEN,SI1,CUSHION,VERY STRONG,BLUE,VSTB,EX,VG,8.05,7.98,5.35,67.04%,GIA,1149065181,
BB-57         ,1,2.81,,VERY LIGHT GREEN,VERY LIGHT,,,GREEN,VS2,HEART,VERY STRONG,BLUE,VSTB,VG,G,7.67,8.98,5.14,57.24%,GIA,5146017912,
BB-16         ,1,2.00,,FANCY YELLOW,FANCY,,,YELLOW,VS2,HEART,STRONG,BLUE,SB,G,G,8.21,7.96,4.04,50.75%,GIA,1139149901,
BB-06         ,1,1.60,C281,FANCY BROWN-PINK,FANCY,,,BROWN-PINK,VS2,HEART,STRONG,BLUE,SB,VG,G,7.18,7.92,4.42,55.81%,GIA,2136866413,
BB-04         ,1,1.54,,FANCY INTENSE YELLOW,FANCY INTENSE,,,YELLOW,SI1,OVAL,NONE,,N,VG,G,8.65,6.29,3.68,58.51%,GIA,5156066603,
BA-97         ,1,2.47,C255,FANCY GRAY,FANCY,,,GRAY,SI2,ROUND,NONE,,N,G,G,8.25,8.21,5.54,67.48%,GIA,2166814793,
BA-72         ,1,1.50,C194,LIGHT GREEN YELLOW,LIGHT,,,GREEN YELLOW,SI1,CUSHION,STRONG,BLUE,SB,VG,G,6.06,6.03,4.31,71.48%,GIA,2155065187,
BA-71         ,1,1.16,C131,FANCY LIGHT YELLOW,FANCY LIGHT,,,YELLOW,I2,HEART,MEDIUM,BLUE,MB,VG,VG,5.95,7.17,3.74,52.16%,GIA,5156392412,
BA-66         ,1,1.08,C281,FANCY LIGHT GREEN,FANCY LIGHT,,,GREEN,SI1,PEAR,STRONG,BLUE,SB,G,G,7.87,5.63,3.73,66.25%,GIA,5131802618,
BA-63         ,1,0.44,C71,FANCY GRAY-GREENISH YELLOW,FANCY,GRAY-GREENISH,,YELLOW,SI1,ROUND,STRONG,YELLOW,SY,G,G,4.85,4.89,3.02,61.76%,GIA,1149888655,
BA-60         ,1,1.01,,FANCY INTENSE YELLOW,FANCY INTENSE,,,YELLOW,SI1,TRILLIANT,NONE,,N,EX,VG,6.1,6.81,2.9,42.58%,GIA,2146034987,
BA-58         ,1,1.00,,FANCY INTENSE BLUISH GREEN,FANCY INTENSE,BLUISH,,GREEN,SI1,PEAR,MEDIUM,BLUE,MB,VG,G,8.45,5.2,3.41,65.58%,GIA,5141015966,
BA-55         ,1,0.91,,FANCY BLUISH GREEN,FANCY,BLUISH,,GREEN,SI1,PEAR,STRONG,BLUE,SB,VG,G,9.37,5.56,2.99,53.78%,GIA,1132842566,
BA-23         ,1,4.01,,LIGHT BLUE,LIGHT,,,BLUE,SI1,PEAR,NONE,,N,EX,G,14.1,8.02,5.19,64.71%,GIA,1122909051,
BA-22         ,1,0.90,C174,FANCY YELLOW-GREEN,FANCY,,,YELLOW-GREEN,SI1,RADIANT,STRONG,BLUE,SB,VG,G,5.32,5.24,3.58,68.32%,GIA,2135586536,
BA-10         ,1,2.01,,FANCY GREEN,FANCY,,,GREEN,,RADIANT,,,,,,7.74,6.71,4.23,63.04%,GIA,1132133712,
BA-09         ,1,1.32,,FANCY YELLOWISH GREEN,FANCY,YELLOWISH,,GREEN,,PEAR,,,,,,8.98,6.15,3.98,64.72%,GIA,2135045375,
BA-08         ,1,1.01,,,,,,,VVS1,PEAR,FAINT,,F,VG,VG,8.76,5.99,3.33,55.59%,GIA,5146290222,
BA-05         ,1,1.04,,FANCY VIVID YELLOW*,FANCY VIVID,,,YELLOW*,VS1,CUSHION,NONE,,N,VG,G,5.72,5.53,3.71,67.09%,GIA,5156968781,
